{
  "playfield": [
    [
      60.20415365651985,
      24.956624507904053
    ],
    [
      60.20360986173846,
      24.956817626953125
    ],
    [
      60.20246892966917,
      24.958126544952393
    ],
    [
      60.20214903505169,
      24.95840549468994
    ],
    [
      60.201871790527036,
      24.958534240722656
    ],
    [
      60.20104004289707,
      24.96147394180298
    ],
    [
      60.200496196508404,
      24.96492862701416
    ],
    [
      60.19961109389797,
      24.966881275177002
    ],
    [
      60.20063482487524,
      24.972867965698242
    ],
    [
      60.20100805218256,
      24.975163936614987
    ],
    [
      60.20180781068865,
      24.976794719696045
    ],
    [
      60.20196776005068,
      24.97763156890869
    ],
    [
      60.20253290821839,
      24.97743844985962
    ],
    [
      60.20463346795951,
      24.97718095779419
    ],
    [
      60.204900026838345,
      24.977073669433594
    ],
    [
      60.205838296862595,
      24.975314140319824
    ],
    [
      60.20686183355728,
      24.973983764648438
    ],
    [
      60.207224328478745,
      24.974026679992676
    ],
    [
      60.207576157954186,
      24.973790645599365
    ],
    [
      60.208802200881074,
      24.96969223022461
    ],
    [
      60.208898150133216,
      24.968554973602295
    ],
    [
      60.208951455152,
      24.9678897857666
    ],
    [
      60.208333111608354,
      24.966516494750977
    ],
    [
      60.20933524873013,
      24.964563846588135
    ],
    [
      60.204910689148434,
      24.955379962921143
    ],
    [
      60.20415365651985,
      24.956624507904053
    ]
  ],
  "red": [60.20510261013776, 24.958544969558716],
  "blue": [60.20163719717641, 24.974273443222046],
  "view": [60.204900026838345, 24.967675209045407]
}
